"","JusticeName","Term","CrimPro","CivilRights","Economics","Interstate","SCIdeology","MQScore"
"1","AFortas",1965,81.25,95.2380952380952,67.8571428571429,NA,1,-1.402
"2","AFortas",1966,87.8048780487805,79.1666666666667,66.6666666666667,NA,1,-1.564
"3","AFortas",1967,83.5616438356164,82.7586206896552,63.4920634920635,NA,1,-1.479
"4","AFortas",1968,75.609756097561,82.6086956521739,64.2857142857143,NA,1,-1.294
"5","AJGoldberg",1962,81.4814814814815,100,66.6666666666667,NA,0.75,-1.095
"6","AJGoldberg",1963,96.2962962962963,97.8723404255319,70,NA,0.75,-1.204
"7","AJGoldberg",1964,61.1111111111111,86.2068965517241,69.5652173913043,NA,0.75,-0.855
"8","AMKennedy",1987,27.7777777777778,66.6666666666667,64.7058823529412,NA,0.365,1.191
"9","AMKennedy",1988,22.2222222222222,35.8974358974359,61.9047619047619,NA,0.365,1.462
"10","AMKennedy",1989,17.5,33.3333333333333,38.4615384615385,NA,0.365,1.356
"11","AMKennedy",1990,39.3939393939394,34.7826086956522,61.5384615384615,NA,0.365,1.22
"12","AMKennedy",1991,34.6153846153846,32.5,37.9310344827586,NA,0.365,0.886
"13","AMKennedy",1992,34.375,27.7777777777778,47.3684210526316,NA,0.365,1.046
"14","AMKennedy",1993,42.8571428571429,20.5882352941176,48.1481481481481,NA,0.365,0.883
"15","AMKennedy",1994,27.2727272727273,18.75,41.1764705882353,NA,0.365,0.845
"16","AMKennedy",1995,38.4615384615385,16.6666666666667,29.4117647058824,NA,0.365,0.715
"17","AMKennedy",1996,22.2222222222222,32,62.5,NA,0.365,0.851
"18","AMKennedy",1997,16.1290322580645,52.3809523809524,64.7058823529412,NA,0.365,0.811
"19","AMKennedy",1998,21.0526315789474,20,56.5217391304348,NA,0.365,0.919
"20","AMKennedy",1999,34.4827586206897,38.8888888888889,36.3636363636364,NA,0.365,1.068
"21","AMKennedy",2000,45.4545454545455,35.2941176470588,75,NA,0.365,0.953
"22","AMKennedy",2001,16.6666666666667,20,57.1428571428571,NA,0.365,1.037
"23","AMKennedy",2002,33.3333333333333,29.4117647058824,40,NA,0.365,0.884
"24","AMKennedy",2003,31.0344827586207,25,38.8888888888889,NA,0.365,0.746
"25","AMKennedy",2004,30.4347826086957,71.4285714285714,68.75,NA,0.365,0.542
"26","AMKennedy",2005,30.7692307692308,66.6666666666667,20,NA,0.365,0.494
"27","AMKennedy",2006,39.1304347826087,28.5714285714286,31.8181818181818,NA,0.365,0.446
"28","AMKennedy",2007,42.8571428571429,50,33.3333333333333,NA,0.365,0.402
"29","AMKennedy",2008,32,37.5,16.6666666666667,NA,0.365,0.554
"30","AMKennedy",2009,52.9411764705882,60,42.8571428571429,NA,0.365,0.52
"31","AMKennedy",2010,34.6153846153846,28.5714285714286,33.3333333333333,NA,0.365,0.582
"32","AMKennedy",2011,39.1304347826087,45.4545454545455,35.2941176470588,NA,0.365,0.3
"33","AMKennedy",2012,39.1304347826087,50,25,NA,0.365,0.251
"34","AMKennedy",2013,45,55.5555555555556,68,NA,0.365,0.078
"35","AMKennedy",2014,40,64.2857142857143,33.3333333333333,NA,0.365,-0.215
"36","AMKennedy",2015,42.4242424242424,50,42.8571428571429,NA,0.365,-0.259
"37","AMKennedy",2016,44.4444444444444,50,46.6666666666667,NA,0.365,-0.028
"38","AMKennedy",2017,55.5555555555556,45.4545454545455,61.5384615384615,NA,0.365,0.426
"39","AScalia",1986,32.6086956521739,25.9259259259259,60.7142857142857,NA,0,1.423
"40","AScalia",1987,30.3030303030303,35,41.9354838709677,NA,0,1.64
"41","AScalia",1988,33.3333333333333,38.4615384615385,61.9047619047619,NA,0,1.81
"42","AScalia",1989,17.5,30,34.6153846153846,NA,0,2.02
"43","AScalia",1990,38.2352941176471,30.4347826086957,53.8461538461538,NA,0,2.202
"44","AScalia",1991,11.5384615384615,17.5,43.3333333333333,NA,0,2.545
"45","AScalia",1992,31.25,27.7777777777778,57.8947368421053,NA,0,2.58
"46","AScalia",1993,28.5714285714286,8.82352941176471,44.4444444444444,NA,0,2.661
"47","AScalia",1994,22.7272727272727,18.75,47.0588235294118,NA,0,2.884
"48","AScalia",1995,30.7692307692308,5.55555555555556,35.2941176470588,NA,0,3.158
"49","AScalia",1996,10,28,37.5,NA,0,3.356
"50","AScalia",1997,25.8064516129032,23.8095238095238,58.8235294117647,NA,0,3.432
"51","AScalia",1998,31.5789473684211,20,52.1739130434783,NA,0,3.404
"52","AScalia",1999,31.0344827586207,33.3333333333333,36.3636363636364,NA,0,3.475
"53","AScalia",2000,27.2727272727273,17.6470588235294,75,NA,0,3.465
"54","AScalia",2001,11.1111111111111,13.3333333333333,42.8571428571429,NA,0,3.309
"55","AScalia",2002,22.2222222222222,17.6470588235294,50,NA,0,3
"56","AScalia",2003,17.2413793103448,37.5,22.2222222222222,NA,0,2.811
"57","AScalia",2004,26.0869565217391,50,75,NA,0,2.594
"58","AScalia",2005,26.9230769230769,33.3333333333333,26.6666666666667,NA,0,2.541
"59","AScalia",2006,30.4347826086957,14.2857142857143,39.1304347826087,NA,0,2.532
"60","AScalia",2007,28.5714285714286,18.75,40,NA,0,2.398
"61","AScalia",2008,38.4615384615385,29.1666666666667,22.2222222222222,NA,0,2.302
"62","AScalia",2009,32.3529411764706,60,33.3333333333333,NA,0,2.281
"63","AScalia",2010,30.7692307692308,35.7142857142857,46.6666666666667,NA,0,2.117
"64","AScalia",2011,26.0869565217391,21.7391304347826,41.1764705882353,NA,0,2.041
"65","AScalia",2012,34.7826086956522,50,31.25,NA,0,1.723
"66","AScalia",2013,40,44.4444444444444,72,NA,0,1.592
"67","AScalia",2014,40,28.5714285714286,50,NA,0,1.525
"68","AScalia",2015,11.1111111111111,0,33.3333333333333,NA,0,1.602
"69","BRWhite",1961,50,83.3333333333333,100,NA,0.5,-0.279
"70","BRWhite",1962,62.962962962963,75.8620689655172,73.3333333333333,NA,0.5,-0.246
"71","BRWhite",1963,68.8888888888889,78.2608695652174,66.6666666666667,NA,0.5,-0.15
"72","BRWhite",1964,44.4444444444444,62.0689655172414,77.2727272727273,NA,0.5,-0.163
"73","BRWhite",1965,58.0645161290323,73.0769230769231,85.3658536585366,NA,0.5,-0.174
"74","BRWhite",1966,46.1538461538462,58.3333333333333,60,NA,0.5,-0.022
"75","BRWhite",1967,41.0958904109589,75.8620689655172,67.1875,NA,0.5,0.247
"76","BRWhite",1968,64.1509433962264,60,66.6666666666667,NA,0.5,0.066
"77","BRWhite",1969,37.1428571428571,70.7317073170732,33.3333333333333,NA,0.5,0.102
"78","BRWhite",1970,29.4117647058824,62.1621621621622,61.1111111111111,NA,0.5,0.477
"79","BRWhite",1971,52.1739130434783,63.4146341463415,63.8888888888889,NA,0.5,0.664
"80","BRWhite",1972,28.2051282051282,51.2820512820513,60,NA,0.5,0.988
"81","BRWhite",1973,28.2051282051282,61.7021276595745,70.3703703703704,NA,0.5,0.57
"82","BRWhite",1974,44.8275862068966,62.1621621621622,58.3333333333333,NA,0.5,0.611
"83","BRWhite",1975,21.4285714285714,55.5555555555556,48.5714285714286,NA,0.5,0.498
"84","BRWhite",1976,32.5581395348837,42.5925925925926,42.8571428571429,NA,0.5,0.353
"85","BRWhite",1977,60,44.7368421052632,71.7391304347826,NA,0.5,-0.001
"86","BRWhite",1978,54.0540540540541,59.5744680851064,37.5,NA,0.5,-0.048
"87","BRWhite",1979,27.906976744186,58.3333333333333,64.7058823529412,NA,0.5,0.215
"88","BRWhite",1980,34.4827586206897,55.8823529411765,38.8888888888889,NA,0.5,0.168
"89","BRWhite",1981,22.2222222222222,47.8260869565217,44.1176470588235,NA,0.5,0.184
"90","BRWhite",1982,19.4444444444444,55.1724137931034,38.6363636363636,NA,0.5,0.596
"91","BRWhite",1983,23.0769230769231,53.125,45.4545454545455,NA,0.5,0.817
"92","BRWhite",1984,21.9512195121951,55.5555555555556,48.4848484848485,NA,0.5,0.994
"93","BRWhite",1985,25.4901960784314,43.75,58.8235294117647,NA,0.5,1.207
"94","BRWhite",1986,19.5652173913043,33.3333333333333,50,NA,0.5,1.203
"95","BRWhite",1987,33.3333333333333,36.3636363636364,50,NA,0.5,0.974
"96","BRWhite",1988,25,28.9473684210526,61.9047619047619,NA,0.5,1.057
"97","BRWhite",1989,25,50,50,NA,0.5,0.821
"98","BRWhite",1990,41.1764705882353,56.5217391304348,61.5384615384615,NA,0.5,0.6
"99","BRWhite",1991,30.7692307692308,35,53.3333333333333,NA,0.5,0.626
"100","BRWhite",1992,36.6666666666667,33.3333333333333,73.6842105263158,NA,0.5,0.573
"101","CEWhittaker",1956,77.7777777777778,22.2222222222222,33.3333333333333,NA,0.5,1.05
"102","CEWhittaker",1957,35,70,34.0425531914894,NA,0.5,1.105
"103","CEWhittaker",1958,38.7096774193548,66.6666666666667,42.8571428571429,NA,0.5,1.35
"104","CEWhittaker",1959,42.1052631578947,53.3333333333333,37.8378378378378,NA,0.5,1.449
"105","CEWhittaker",1960,42.4242424242424,57.8947368421053,40,NA,0.5,1.278
"106","CEWhittaker",1961,66.6666666666667,71.4285714285714,35.2941176470588,NA,0.5,1.194
"107","CThomas",1991,18.1818181818182,41.1764705882353,38.4615384615385,NA,0.16,2.756
"108","CThomas",1992,25,33.3333333333333,52.6315789473684,NA,0.16,3.053
"109","CThomas",1993,17.8571428571429,9.09090909090909,33.3333333333333,NA,0.16,3.422
"110","CThomas",1994,13.6363636363636,18.75,41.1764705882353,NA,0.16,3.627
"111","CThomas",1995,30.7692307692308,6.25,29.4117647058824,NA,0.16,3.704
"112","CThomas",1996,10,28,37.5,NA,0.16,3.764
"113","CThomas",1997,12.9032258064516,19.047619047619,58.8235294117647,NA,0.16,3.754
"114","CThomas",1998,26.3157894736842,10,17.3913043478261,NA,0.16,3.784
"115","CThomas",1999,31.0344827586207,27.7777777777778,36.3636363636364,NA,0.16,3.73
"116","CThomas",2000,27.2727272727273,17.6470588235294,75,NA,0.16,3.765
"117","CThomas",2001,16.6666666666667,20,57.1428571428571,NA,0.16,3.725
"118","CThomas",2002,16.6666666666667,5.88235294117647,52.6315789473684,NA,0.16,3.862
"119","CThomas",2003,13.7931034482759,12.5,33.3333333333333,NA,0.16,3.884
"120","CThomas",2004,21.7391304347826,35.7142857142857,50,NA,0.16,3.923
"121","CThomas",2005,19.2307692307692,33.3333333333333,46.6666666666667,NA,0.16,3.957
"122","CThomas",2006,26.0869565217391,0,43.4782608695652,NA,0.16,3.913
"123","CThomas",2007,21.4285714285714,12.5,40,NA,0.16,3.779
"124","CThomas",2008,26.9230769230769,20.8333333333333,27.7777777777778,NA,0.16,3.534
"125","CThomas",2009,23.5294117647059,50,42.8571428571429,NA,0.16,3.395
"126","CThomas",2010,19.2307692307692,28.5714285714286,53.3333333333333,NA,0.16,3.222
"127","CThomas",2011,21.7391304347826,21.7391304347826,35.2941176470588,NA,0.16,3.186
"128","CThomas",2012,26.0869565217391,25,37.5,NA,0.16,3.144
"129","CThomas",2013,30,55.5555555555556,48,NA,0.16,3.169
"130","CThomas",2014,20,7.14285714285714,50,NA,0.16,3.171
"131","CThomas",2015,36.3636363636364,30,47.6190476190476,NA,0.16,3.191
"132","CThomas",2016,11.1111111111111,43.75,53.3333333333333,NA,0.16,3.199
"133","CThomas",2017,16.6666666666667,30,61.5384615384615,NA,0.16,3.113
"134","DHSouter",1990,23.3333333333333,59.0909090909091,52.3809523809524,NA,0.325,0.997
"135","DHSouter",1991,42.3076923076923,27.5,50,NA,0.325,0.653
"136","DHSouter",1992,56.25,38.8888888888889,68.4210526315789,NA,0.325,0.271
"137","DHSouter",1993,53.5714285714286,26.4705882352941,77.7777777777778,NA,0.325,-0.223
"138","DHSouter",1994,50,68.75,41.1764705882353,NA,0.325,-0.316
"139","DHSouter",1995,40,50,29.4117647058824,NA,0.325,-0.342
"140","DHSouter",1996,25,68,62.5,NA,0.325,-0.341
"141","DHSouter",1997,48.3870967741936,66.6666666666667,70.5882352941177,NA,0.325,-0.461
"142","DHSouter",1998,57.8947368421053,40,60.8695652173913,NA,0.325,-0.587
"143","DHSouter",1999,79.3103448275862,61.1111111111111,50,NA,0.325,-0.984
"144","DHSouter",2000,63.6363636363636,76.4705882352941,83.3333333333333,NA,0.325,-1.238
"145","DHSouter",2001,55.5555555555556,66.6666666666667,64.2857142857143,NA,0.325,-1.422
"146","DHSouter",2002,55.5555555555556,64.7058823529412,45,NA,0.325,-1.534
"147","DHSouter",2003,67.8571428571429,71.4285714285714,50,NA,0.325,-1.68
"148","DHSouter",2004,65.2173913043478,85.7142857142857,68.75,NA,0.325,-1.645
"149","DHSouter",2005,61.5384615384615,60,33.3333333333333,NA,0.325,-1.566
"150","DHSouter",2006,72.7272727272727,71.4285714285714,52.1739130434783,NA,0.325,-1.447
"151","DHSouter",2007,64.2857142857143,87.5,60,NA,0.325,-1.509
"152","DHSouter",2008,69.2307692307692,70.8333333333333,61.1111111111111,NA,0.325,-1.577
"153","EKagan",2010,65,50,50,NA,0.73,-1.427
"154","EKagan",2011,60.8695652173913,54.5454545454545,37.5,NA,0.73,-1.415
"155","EKagan",2012,56.5217391304348,90.9090909090909,50,NA,0.73,-1.658
"156","EKagan",2013,55,62.5,72,NA,0.73,-1.613
"157","EKagan",2014,66.6666666666667,78.5714285714286,50,NA,0.73,-1.66
"158","EKagan",2015,45.4545454545455,44.4444444444444,47.6190476190476,NA,0.73,-1.539
"159","EKagan",2016,64.7058823529412,76.9230769230769,40,NA,0.73,-1.572
"160","EKagan",2017,72.2222222222222,90,58.3333333333333,NA,0.73,-1.605
"161","EWarren",1953,15.7894736842105,72.7272727272727,41.6666666666667,NA,0.75,0.008
"162","EWarren",1954,50,78.5714285714286,73.0769230769231,NA,0.75,-0.457
"163","EWarren",1955,50,100,87.1794871794872,NA,0.75,-1.078
"164","EWarren",1956,82.6086956521739,58.8235294117647,88.5714285714286,NA,0.75,-1.294
"165","EWarren",1957,75,95,80.8510638297872,NA,0.75,-1.58
"166","EWarren",1958,80,77.7777777777778,88.7096774193548,NA,0.75,-1.64
"167","EWarren",1959,78.9473684210526,100,89.1891891891892,NA,0.75,-1.554
"168","EWarren",1960,93.9393939393939,73.6842105263158,60,NA,0.75,-1.433
"169","EWarren",1961,91.304347826087,86.6666666666667,73.5294117647059,NA,0.75,-1.56
"170","EWarren",1962,81.4814814814815,96.7741935483871,86.3636363636364,NA,0.75,-1.51
"171","EWarren",1963,92.5925925925926,93.75,87.5,NA,0.75,-1.474
"172","EWarren",1964,64.7058823529412,85.7142857142857,84,NA,0.75,-1.269
"173","EWarren",1965,78.7878787878788,76.9230769230769,83.3333333333333,NA,0.75,-1.298
"174","EWarren",1966,84.7826086956522,79.1666666666667,85.2941176470588,NA,0.75,-1.309
"175","EWarren",1967,80.5555555555556,82.7586206896552,70.3125,NA,0.75,-1.322
"176","EWarren",1968,82.7586206896552,74.2857142857143,85.7142857142857,NA,0.75,-1.353
"177","FFrankfurter",1946,9.375,71.4285714285714,55.5555555555556,NA,0.665,1.038
"178","FFrankfurter",1947,53.5714285714286,66.6666666666667,25,NA,0.665,0.948
"179","FFrankfurter",1948,70.9677419354839,50,50.8771929824561,NA,0.665,0.631
"180","FFrankfurter",1949,66.6666666666667,90.9090909090909,12,NA,0.665,0.347
"181","FFrankfurter",1950,80,50,44.1176470588235,NA,0.665,0.234
"182","FFrankfurter",1951,88.2352941176471,71.4285714285714,40,NA,0.665,0.112
"183","FFrankfurter",1952,72.7272727272727,72.7272727272727,25.9259259259259,NA,0.665,0.074
"184","FFrankfurter",1953,47.6190476190476,72.7272727272727,20.8333333333333,NA,0.665,0.375
"185","FFrankfurter",1954,57.8947368421053,92.8571428571429,60,NA,0.665,0.327
"186","FFrankfurter",1955,57.1428571428571,84.6153846153846,39.4736842105263,NA,0.665,0.63
"187","FFrankfurter",1956,65.2173913043478,41.1764705882353,32.1428571428571,NA,0.665,0.797
"188","FFrankfurter",1957,52.5,68.4210526315789,32.5,NA,0.665,1.056
"189","FFrankfurter",1958,32.1428571428571,50,44.8275862068966,NA,0.665,1.388
"190","FFrankfurter",1959,26.3157894736842,60,34.375,NA,0.665,1.689
"191","FFrankfurter",1960,33.3333333333333,57.8947368421053,35.4838709677419,NA,0.665,1.763
"192","FFrankfurter",1961,70,60,40,NA,0.665,1.767
"193","FMurphy",1946,78.125,71.4285714285714,90.3225806451613,NA,1,-1.781
"194","FMurphy",1947,71.4285714285714,85.7142857142857,92.1052631578947,NA,1,-1.689
"195","FMurphy",1948,96.7741935483871,87.5,73.5849056603774,NA,1,-1.527
"196","FMVinson",1946,12.5,28.5714285714286,70.4918032786885,NA,0.75,0.416
"197","FMVinson",1947,28.5714285714286,66.6666666666667,62.5,NA,0.75,0.542
"198","FMVinson",1948,45.1612903225806,25,57.8947368421053,NA,0.75,0.888
"199","FMVinson",1949,22.2222222222222,58.3333333333333,46.4285714285714,NA,0.75,1.153
"200","FMVinson",1950,60,35.7142857142857,74.2857142857143,NA,0.75,1.303
"201","FMVinson",1951,44.4444444444444,33.3333333333333,52.9411764705882,NA,0.75,1.553
"202","FMVinson",1952,17.3913043478261,27.2727272727273,37.037037037037,NA,0.75,1.486
"203","HABlackmun",1969,20,NA,NA,NA,0.115,1.64
"204","HABlackmun",1970,22.8571428571429,54.0540540540541,50,NA,0.115,1.764
"205","HABlackmun",1971,30.4347826086957,56.0975609756098,62.8571428571429,NA,0.115,1.711
"206","HABlackmun",1972,22.5,52.5,72.7272727272727,NA,0.115,1.487
"207","HABlackmun",1973,28.2051282051282,40.4255319148936,46.1538461538462,NA,0.115,1.347
"208","HABlackmun",1974,41.3793103448276,51.3513513513513,58.3333333333333,NA,0.115,1.053
"209","HABlackmun",1975,9.52380952380952,58.8235294117647,44.1176470588235,NA,0.115,0.838
"210","HABlackmun",1976,23.0769230769231,35.1851851851852,42.8571428571429,NA,0.115,0.62
"211","HABlackmun",1977,51.6129032258064,36.3636363636364,54.7619047619048,NA,0.115,0.283
"212","HABlackmun",1978,48.6486486486487,53.1914893617021,37.5,NA,0.115,0.134
"213","HABlackmun",1979,39.5348837209302,60.8695652173913,61.7647058823529,NA,0.115,-0.019
"214","HABlackmun",1980,41.3793103448276,43.75,61.1111111111111,NA,0.115,-0.097
"215","HABlackmun",1981,29.6296296296296,67.3913043478261,50,NA,0.115,-0.278
"216","HABlackmun",1982,33.3333333333333,79.3103448275862,38.6363636363636,NA,0.115,-0.396
"217","HABlackmun",1983,26,62.5,51.4285714285714,NA,0.115,-0.016
"218","HABlackmun",1984,39.0243902439024,66.6666666666667,50,NA,0.115,-0.145
"219","HABlackmun",1985,56.25,70.9677419354839,47.0588235294118,NA,0.115,-0.723
"220","HABlackmun",1986,70.2127659574468,80,44.8275862068966,NA,0.115,-0.913
"221","HABlackmun",1987,51.5151515151515,72.7272727272727,51.6129032258064,NA,0.115,-0.946
"222","HABlackmun",1988,60,92.3076923076923,66.6666666666667,NA,0.115,-0.957
"223","HABlackmun",1989,57.5,70,42.3076923076923,NA,0.115,-0.91
"224","HABlackmun",1990,67.6470588235294,95.6521739130435,61.5384615384615,NA,0.115,-1.214
"225","HABlackmun",1991,61.5384615384615,47.5,63.3333333333333,NA,0.115,-1.452
"226","HABlackmun",1992,75,83.3333333333333,52.6315789473684,NA,0.115,-1.661
"227","HABlackmun",1993,64.2857142857143,38.2352941176471,85.1851851851852,NA,0.115,-1.94
"228","HHBurton",1946,12.5,14.2857142857143,66.6666666666667,NA,0.28,0.531
"229","HHBurton",1947,32.1428571428571,66.6666666666667,52.5,NA,0.28,0.837
"230","HHBurton",1948,38.7096774193548,37.5,56.140350877193,NA,0.28,0.96
"231","HHBurton",1949,22.2222222222222,58.3333333333333,50,NA,0.28,0.997
"232","HHBurton",1950,50,50,65.7142857142857,NA,0.28,1.012
"233","HHBurton",1951,44.4444444444444,33.3333333333333,44.1176470588235,NA,0.28,0.953
"234","HHBurton",1952,16.6666666666667,45.4545454545455,38.4615384615385,NA,0.28,1.287
"235","HHBurton",1953,28.5714285714286,54.5454545454545,41.6666666666667,NA,0.28,1.357
"236","HHBurton",1954,50,71.4285714285714,58.3333333333333,NA,0.28,1.307
"237","HHBurton",1955,28.5714285714286,53.3333333333333,56.4102564102564,NA,0.28,1.317
"238","HHBurton",1956,39.1304347826087,23.5294117647059,38.8888888888889,NA,0.28,1.264
"239","HHBurton",1957,22.5,65,46.8085106382979,NA,0.28,1.139
"240","HHBurton",1958,NA,100,0,NA,0.28,1.191
"241","HLBlack",1946,68.75,42.8571428571429,91.5254237288136,NA,0.875,-1.982
"242","HLBlack",1947,60.7142857142857,80.9523809523809,90,NA,0.875,-1.816
"243","HLBlack",1948,70.9677419354839,75,82.4561403508772,NA,0.875,-1.609
"244","HLBlack",1949,88.8888888888889,83.3333333333333,89.6551724137931,NA,0.875,-1.557
"245","HLBlack",1950,90,71.4285714285714,83.3333333333333,NA,0.875,-1.507
"246","HLBlack",1951,88.8888888888889,100,68.75,NA,0.875,-1.377
"247","HLBlack",1952,91.304347826087,72.7272727272727,88.4615384615385,NA,0.875,-1.108
"248","HLBlack",1953,61.9047619047619,100,51.1627906976744,NA,0.875,-1.48
"249","HLBlack",1954,68.4210526315789,85.7142857142857,76,NA,0.875,-1.618
"250","HLBlack",1955,78.5714285714286,100,87.1794871794872,NA,0.875,-1.961
"251","HLBlack",1956,100,76.4705882352941,85.7142857142857,NA,0.875,-2.167
"252","HLBlack",1957,82.5,100,80.8510638297872,NA,0.875,-2.231
"253","HLBlack",1958,83.3333333333333,77.7777777777778,88.8888888888889,NA,0.875,-2.07
"254","HLBlack",1959,89.4736842105263,100,91.8918918918919,NA,0.875,-2.043
"255","HLBlack",1960,87.8787878787879,84.2105263157895,80,NA,0.875,-1.935
"256","HLBlack",1961,86.3636363636364,88.2352941176471,82.3529411764706,NA,0.875,-1.828
"257","HLBlack",1962,88.8888888888889,96.7741935483871,87.5,NA,0.875,-1.732
"258","HLBlack",1963,90.7407407407407,85.4166666666667,85,NA,0.875,-1.412
"259","HLBlack",1964,72.2222222222222,62.0689655172414,92,NA,0.875,-0.864
"260","HLBlack",1965,79.4117647058823,51.8518518518518,82.5,NA,0.875,-0.535
"261","HLBlack",1966,51.1111111111111,62.5,94.2857142857143,NA,0.875,-0.42
"262","HLBlack",1967,47.945205479452,75.8620689655172,70.3125,NA,0.875,-0.095
"263","HLBlack",1968,32.1428571428571,41.1764705882353,85.7142857142857,NA,0.875,0.103
"264","HLBlack",1969,44.1176470588235,53.6585365853659,58.8235294117647,NA,0.875,0.092
"265","HLBlack",1970,37.1428571428571,56.7567567567568,83.3333333333333,NA,0.875,0
"266","JGRoberts",2005,24,35.7142857142857,26.6666666666667,NA,0.12,1.383
"267","JGRoberts",2006,26.0869565217391,28.5714285714286,36.3636363636364,NA,0.12,1.411
"268","JGRoberts",2007,25,43.75,53.8461538461538,NA,0.12,1.401
"269","JGRoberts",2008,34.6153846153846,33.3333333333333,22.2222222222222,NA,0.12,1.491
"270","JGRoberts",2009,42.4242424242424,70,47.6190476190476,NA,0.12,1.372
"271","JGRoberts",2010,19.2307692307692,35.7142857142857,35.7142857142857,NA,0.12,1.388
"272","JGRoberts",2011,26.0869565217391,30.4347826086957,43.75,NA,0.12,1.2
"273","JGRoberts",2012,21.7391304347826,41.6666666666667,43.75,NA,0.12,1.112
"274","JGRoberts",2013,40,55.5555555555556,76,NA,0.12,0.807
"275","JGRoberts",2014,46.6666666666667,35.7142857142857,45.8333333333333,NA,0.12,0.606
"276","JGRoberts",2015,48.4848484848485,40,42.8571428571429,NA,0.12,0.346
"277","JGRoberts",2016,27.7777777777778,50,35.7142857142857,NA,0.12,0.375
"278","JGRoberts",2017,55.5555555555556,45.4545454545455,46.1538461538462,NA,0.12,0.429
"279","JHarlan2",1954,50,100,33.3333333333333,NA,0.875,0.876
"280","JHarlan2",1955,36.3636363636364,53.8461538461538,42.8571428571429,NA,0.875,1.097
"281","JHarlan2",1956,52.1739130434783,35.2941176470588,23.5294117647059,NA,0.875,1.283
"282","JHarlan2",1957,42.5,55,38.2978723404255,NA,0.875,1.409
"283","JHarlan2",1958,35.4838709677419,44.4444444444444,46.6666666666667,NA,0.875,1.57
"284","JHarlan2",1959,36.8421052631579,53.3333333333333,40.5405405405405,NA,0.875,1.714
"285","JHarlan2",1960,30.3030303030303,70.5882352941177,27.2727272727273,NA,0.875,1.907
"286","JHarlan2",1961,56.5217391304348,43.75,26.4705882352941,NA,0.875,2.271
"287","JHarlan2",1962,40,32.258064516129,43.4782608695652,NA,0.875,2.525
"288","JHarlan2",1963,42.4242424242424,28.2051282051282,33.3333333333333,NA,0.875,2.584
"289","JHarlan2",1964,44.4444444444444,37.9310344827586,40.9090909090909,NA,0.875,2.401
"290","JHarlan2",1965,30.3030303030303,34.6153846153846,35,NA,0.875,2.328
"291","JHarlan2",1966,23.9130434782609,33.3333333333333,28.5714285714286,NA,0.875,2.048
"292","JHarlan2",1967,39.4366197183099,46.4285714285714,55.5555555555556,NA,0.875,1.475
"293","JHarlan2",1968,62.0689655172414,41.1764705882353,41.1764705882353,NA,0.875,0.778
"294","JHarlan2",1969,34.2857142857143,71.7948717948718,41.1764705882353,NA,0.875,0.678
"295","JHarlan2",1970,51.4285714285714,45.945945945946,47.0588235294118,NA,0.875,0.675
"296","JPStevens",1975,27.7777777777778,83.3333333333333,63.1578947368421,NA,0.25,0.091
"297","JPStevens",1976,48.780487804878,59.6153846153846,53.5714285714286,NA,0.25,-0.145
"298","JPStevens",1977,66.6666666666667,47.3684210526316,66.6666666666667,NA,0.25,-0.053
"299","JPStevens",1978,72.972972972973,48.8372093023256,51.7241379310345,NA,0.25,-0.313
"300","JPStevens",1979,56.8181818181818,47.8260869565217,54.5454545454545,NA,0.25,-0.286
"301","JPStevens",1980,57.1428571428571,41.1764705882353,44.4444444444444,NA,0.25,-0.287
"302","JPStevens",1981,37.037037037037,52.2727272727273,41.1764705882353,NA,0.25,-0.331
"303","JPStevens",1982,58.8235294117647,62.0689655172414,37.2093023255814,NA,0.25,-0.57
"304","JPStevens",1983,54.9019607843137,68.75,62.8571428571429,NA,0.25,-0.572
"305","JPStevens",1984,61.5384615384615,55.5555555555556,55.8823529411765,NA,0.25,-0.538
"306","JPStevens",1985,55.1020408163265,54.8387096774194,35.2941176470588,NA,0.25,-0.509
"307","JPStevens",1986,72.7272727272727,53.8461538461538,63.3333333333333,NA,0.25,-0.616
"308","JPStevens",1987,69.6969696969697,54.5454545454545,64.5161290322581,NA,0.25,-0.546
"309","JPStevens",1988,55.5555555555556,71.0526315789474,57.1428571428571,NA,0.25,-0.685
"310","JPStevens",1989,77.5,80,38.4615384615385,NA,0.25,-1.074
"311","JPStevens",1990,82.3529411764706,91.304347826087,69.2307692307692,NA,0.25,-1.796
"312","JPStevens",1991,73.0769230769231,45,46.6666666666667,NA,0.25,-2.218
"313","JPStevens",1992,78.125,72.2222222222222,63.1578947368421,NA,0.25,-2.403
"314","JPStevens",1993,60.7142857142857,29.4117647058824,74.0740740740741,NA,0.25,-2.599
"315","JPStevens",1994,77.2727272727273,81.25,58.8235294117647,NA,0.25,-3.014
"316","JPStevens",1995,68,77.7777777777778,31.25,NA,0.25,-3.264
"317","JPStevens",1996,70,80,75,NA,0.25,-3.374
"318","JPStevens",1997,64.5161290322581,66.6666666666667,70.5882352941177,NA,0.25,-3.336
"319","JPStevens",1998,76.4705882352941,86.6666666666667,65.2173913043478,NA,0.25,-3.333
"320","JPStevens",1999,79.3103448275862,94.4444444444444,63.6363636363636,NA,0.25,-3.288
"321","JPStevens",2000,72.7272727272727,70.5882352941177,75,NA,0.25,-3.119
"322","JPStevens",2001,66.6666666666667,46.6666666666667,78.5714285714286,NA,0.25,-3.011
"323","JPStevens",2002,72.2222222222222,64.7058823529412,55,NA,0.25,-2.9
"324","JPStevens",2003,67.8571428571429,50,50,NA,0.25,-2.879
"325","JPStevens",2004,56.5217391304348,92.8571428571429,50,NA,0.25,-2.869
"326","JPStevens",2005,68,66.6666666666667,46.6666666666667,NA,0.25,-2.81
"327","JPStevens",2006,73.9130434782609,71.4285714285714,52.1739130434783,NA,0.25,-2.782
"328","JPStevens",2007,64.2857142857143,75,80,NA,0.25,-2.668
"329","JPStevens",2008,80.7692307692308,75,83.3333333333333,NA,0.25,-2.835
"330","JPStevens",2009,73.5294117647059,66.6666666666667,61.9047619047619,NA,0.25,-2.84
"331","LFPowell",1971,27.2727272727273,56.25,41.6666666666667,NA,0.165,1.438
"332","LFPowell",1972,22.5,48.6486486486487,60.7142857142857,NA,0.165,1.201
"333","LFPowell",1973,26.3157894736842,44.6808510638298,47.6190476190476,NA,0.165,1.15
"334","LFPowell",1974,48.2758620689655,52.9411764705882,43.75,NA,0.165,1.112
"335","LFPowell",1975,19.047619047619,58.3333333333333,45.1612903225806,NA,0.165,0.94
"336","LFPowell",1976,34.8837209302326,29.6296296296296,29.1666666666667,NA,0.165,0.71
"337","LFPowell",1977,57.1428571428571,34.2105263157895,50,NA,0.165,0.457
"338","LFPowell",1978,50,13.1578947368421,16.6666666666667,NA,0.165,0.814
"339","LFPowell",1979,43.1818181818182,36.3636363636364,58.8235294117647,NA,0.165,0.806
"340","LFPowell",1980,34.4827586206897,27.2727272727273,37.5,NA,0.165,0.829
"341","LFPowell",1981,18.5185185185185,39.1304347826087,38.2352941176471,NA,0.165,0.959
"342","LFPowell",1982,16.6666666666667,27.5862068965517,38.8888888888889,NA,0.165,1.182
"343","LFPowell",1983,19.2307692307692,45.1612903225806,38.2352941176471,NA,0.165,1.053
"344","LFPowell",1984,25,70.5882352941177,40,NA,0.165,0.77
"345","LFPowell",1985,21.5686274509804,34.375,47.0588235294118,NA,0.165,0.843
"346","LFPowell",1986,29.7872340425532,40.7407407407407,60.7142857142857,NA,0.165,0.806
"347","NMGorsuch",2016,0,33.3333333333333,33.3333333333333,NA,0.11,1.26
"348","NMGorsuch",2017,43.75,45.4545454545455,53.8461538461538,NA,0.11,1.215
"349","PStewart",1958,36.6666666666667,50,50.9433962264151,NA,0.75,0.867
"350","PStewart",1959,47.3684210526316,60,57.5757575757576,NA,0.75,0.617
"351","PStewart",1960,53.125,63.1578947368421,43.75,NA,0.75,0.48
"352","PStewart",1961,56.5217391304348,82.3529411764706,51.5151515151515,NA,0.75,0.315
"353","PStewart",1962,55.5555555555556,77.4193548387097,45.8333333333333,NA,0.75,0.374
"354","PStewart",1963,70.3703703703704,75,55,NA,0.75,0.391
"355","PStewart",1964,44.4444444444444,60,72.7272727272727,NA,0.75,0.488
"356","PStewart",1965,50,44.4444444444444,55,NA,0.75,0.626
"357","PStewart",1966,35.5555555555556,37.5,38.2352941176471,NA,0.75,0.601
"358","PStewart",1967,77.4647887323944,65.5172413793103,56.25,NA,0.75,-0.105
"359","PStewart",1968,63.1578947368421,54.2857142857143,38.0952380952381,NA,0.75,0.344
"360","PStewart",1969,25.7142857142857,58.5365853658537,25,NA,0.75,0.462
"361","PStewart",1970,40,48.6486486486487,36.8421052631579,NA,0.75,0.521
"362","PStewart",1971,63.0434782608696,68.2926829268293,54.5454545454545,NA,0.75,0.109
"363","PStewart",1972,45,56.4102564102564,46.4285714285714,NA,0.75,0.138
"364","PStewart",1973,41.025641025641,51.1111111111111,30,NA,0.75,0.489
"365","PStewart",1974,68.9655172413793,56.7567567567568,38.8888888888889,NA,0.75,0.367
"366","PStewart",1975,35.7142857142857,61.1111111111111,44.1176470588235,NA,0.75,0.505
"367","PStewart",1976,41.8604651162791,35.1851851851852,33.3333333333333,NA,0.75,0.498
"368","PStewart",1977,62.8571428571429,36.8421052631579,60.4651162790698,NA,0.75,0.317
"369","PStewart",1978,56.7567567567568,27.6595744680851,35.4838709677419,NA,0.75,0.497
"370","PStewart",1979,45.4545454545455,37.5,54.8387096774194,NA,0.75,0.458
"371","PStewart",1980,44.8275862068966,20.5882352941176,45.7142857142857,NA,0.75,0.699
"372","RBGinsburg",1993,46.4285714285714,24.2424242424242,66.6666666666667,NA,0.68,-0.202
"373","RBGinsburg",1994,50,56.25,47.0588235294118,NA,0.68,-0.433
"374","RBGinsburg",1995,52,50,41.1764705882353,NA,0.68,-0.486
"375","RBGinsburg",1996,35,60,68.75,NA,0.68,-0.574
"376","RBGinsburg",1997,67.741935483871,57.1428571428571,64.7058823529412,NA,0.68,-0.771
"377","RBGinsburg",1998,57.8947368421053,36.6666666666667,60.8695652173913,NA,0.68,-0.929
"378","RBGinsburg",1999,72.4137931034483,61.1111111111111,45.4545454545455,NA,0.68,-1.317
"379","RBGinsburg",2000,72.7272727272727,76.4705882352941,91.6666666666667,NA,0.68,-1.533
"380","RBGinsburg",2001,55.5555555555556,53.3333333333333,64.2857142857143,NA,0.68,-1.644
"381","RBGinsburg",2002,66.6666666666667,64.7058823529412,50,NA,0.68,-1.699
"382","RBGinsburg",2003,64.2857142857143,50,50,NA,0.68,-1.775
"383","RBGinsburg",2004,65.2173913043478,85.7142857142857,75,NA,0.68,-1.717
"384","RBGinsburg",2005,53.8461538461538,73.3333333333333,40,NA,0.68,-1.616
"385","RBGinsburg",2006,69.5652173913043,85.7142857142857,60.8695652173913,NA,0.68,-1.713
"386","RBGinsburg",2007,67.8571428571429,87.5,60,NA,0.68,-1.698
"387","RBGinsburg",2008,65.3846153846154,79.1666666666667,83.3333333333333,NA,0.68,-1.74
"388","RBGinsburg",2009,50,70,52.3809523809524,NA,0.68,-1.684
"389","RBGinsburg",2010,65.3846153846154,50,73.3333333333333,NA,0.68,-2.082
"390","RBGinsburg",2011,69.5652173913043,47.8260869565217,47.0588235294118,NA,0.68,-2.357
"391","RBGinsburg",2012,60.8695652173913,91.6666666666667,37.5,NA,0.68,-2.456
"392","RBGinsburg",2013,60,55.5555555555556,72,NA,0.68,-2.451
"393","RBGinsburg",2014,73.3333333333333,78.5714285714286,54.1666666666667,NA,0.68,-2.536
"394","RBGinsburg",2015,51.5151515151515,50,57.1428571428571,NA,0.68,-2.65
"395","RBGinsburg",2016,61.1111111111111,75,40,NA,0.68,-2.717
"396","RBGinsburg",2017,66.6666666666667,100,61.5384615384615,NA,0.68,-2.734
"397","RHJackson",1946,34.375,50,53.448275862069,NA,1,1.054
"398","RHJackson",1947,50,41.1764705882353,25,NA,1,1.204
"399","RHJackson",1948,54.8387096774194,37.5,36.734693877551,NA,1,1.273
"400","RHJackson",1949,33.3333333333333,66.6666666666667,26.9230769230769,NA,1,0.829
"401","RHJackson",1950,40,38.4615384615385,43.75,NA,1,0.777
"402","RHJackson",1951,38.8888888888889,66.6666666666667,39.3939393939394,NA,1,0.721
"403","RHJackson",1952,25,25,26.9230769230769,NA,1,0.917
"404","RHJackson",1953,40,72.7272727272727,22.5,NA,1,0.856
"405","SAAlito",2005,26.6666666666667,40,37.5,NA,0.1,1.408
"406","SAAlito",2006,17.3913043478261,28.5714285714286,39.1304347826087,NA,0.1,1.443
"407","SAAlito",2007,17.8571428571429,56.25,42.8571428571429,NA,0.1,1.536
"408","SAAlito",2008,23.0769230769231,29.1666666666667,22.2222222222222,NA,0.1,1.804
"409","SAAlito",2009,29.0322580645161,60,38.0952380952381,NA,0.1,1.831
"410","SAAlito",2010,11.5384615384615,28.5714285714286,40,NA,0.1,1.976
"411","SAAlito",2011,21.7391304347826,26.0869565217391,47.0588235294118,NA,0.1,1.996
"412","SAAlito",2012,4.54545454545455,25,43.75,NA,0.1,1.999
"413","SAAlito",2013,30,55.5555555555556,43.4782608695652,NA,0.1,1.944
"414","SAAlito",2014,33.3333333333333,21.4285714285714,37.5,NA,0.1,1.775
"415","SAAlito",2015,27.2727272727273,40,35.2941176470588,NA,0.1,1.7
"416","SAAlito",2016,11.1111111111111,50,46.6666666666667,NA,0.1,1.929
"417","SAAlito",2017,11.1111111111111,27.2727272727273,61.5384615384615,NA,0.1,2.184
"418","SDOConnor",1981,11.1111111111111,39.1304347826087,39.3939393939394,NA,0.415,1.561
"419","SDOConnor",1982,11.1111111111111,44.8275862068966,39.0243902439024,NA,0.415,1.714
"420","SDOConnor",1983,17.3076923076923,50,51.6129032258064,NA,0.415,1.687
"421","SDOConnor",1984,21.9512195121951,55.5555555555556,54.5454545454545,NA,0.415,1.495
"422","SDOConnor",1985,17.6470588235294,46.875,47.0588235294118,NA,0.415,1.28
"423","SDOConnor",1986,23.4042553191489,26.9230769230769,60,NA,0.415,1.383
"424","SDOConnor",1987,34.375,36.3636363636364,34.375,NA,0.415,1.571
"425","SDOConnor",1988,25,34.2105263157895,42.1052631578947,NA,0.415,1.5
"426","SDOConnor",1989,15,20,32,NA,0.415,1.522
"427","SDOConnor",1990,33.3333333333333,52.1739130434783,57.6923076923077,NA,0.415,1.123
"428","SDOConnor",1991,46.1538461538462,32.5,46.6666666666667,NA,0.415,0.692
"429","SDOConnor",1992,40.625,33.3333333333333,52.6315789473684,NA,0.415,0.851
"430","SDOConnor",1993,28.5714285714286,20.5882352941176,44,NA,0.415,1.014
"431","SDOConnor",1994,31.8181818181818,37.5,41.1764705882353,NA,0.415,0.828
"432","SDOConnor",1995,42.3076923076923,22.2222222222222,17.6470588235294,NA,0.415,0.843
"433","SDOConnor",1996,20,36,50,NA,0.415,0.982
"434","SDOConnor",1997,16.1290322580645,42.8571428571429,70.5882352941177,NA,0.415,1.078
"435","SDOConnor",1998,10.5263157894737,33.3333333333333,30.7692307692308,NA,0.415,0.966
"436","SDOConnor",1999,34.4827586206897,33.3333333333333,36.3636363636364,NA,0.415,0.868
"437","SDOConnor",2000,45.4545454545455,56.25,75,NA,0.415,0.585
"438","SDOConnor",2001,27.7777777777778,33.3333333333333,50,NA,0.415,0.36
"439","SDOConnor",2002,33.3333333333333,23.5294117647059,42.1052631578947,NA,0.415,0.248
"440","SDOConnor",2003,27.5862068965517,50,35.2941176470588,NA,0.415,0.195
"441","SDOConnor",2004,43.4782608695652,71.4285714285714,50,NA,0.415,0.122
"442","SDOConnor",2005,28.5714285714286,0,0,NA,0.415,0.076
"443","SFReed",1946,9.375,42.8571428571429,64.9122807017544,NA,0.725,0.294
"444","SFReed",1947,32.1428571428571,47.0588235294118,62.5,NA,0.725,0.537
"445","SFReed",1948,45.1612903225806,25,58.1818181818182,NA,0.725,0.713
"446","SFReed",1949,11.1111111111111,50,27.5862068965517,NA,0.725,1.148
"447","SFReed",1950,40,42.8571428571429,75,NA,0.725,1.245
"448","SFReed",1951,33.3333333333333,22.2222222222222,32.3529411764706,NA,0.725,1.308
"449","SFReed",1952,16.6666666666667,30,44.4444444444444,NA,0.725,1.38
"450","SFReed",1953,35.7142857142857,54.5454545454545,30.4347826086957,NA,0.725,1.532
"451","SFReed",1954,26.3157894736842,50,53.8461538461538,NA,0.725,1.52
"452","SFReed",1955,28.5714285714286,40,71.7948717948718,NA,0.725,1.083
"453","SFReed",1956,27.2727272727273,100,62.5,NA,0.725,0.847
"454","SGBreyer",1994,40.9090909090909,75,46.6666666666667,NA,0.475,-0.307
"455","SGBreyer",1995,40,52.9411764705882,23.5294117647059,NA,0.475,-0.447
"456","SGBreyer",1996,45,56,68.75,NA,0.475,-0.706
"457","SGBreyer",1997,54.8387096774194,66.6666666666667,70.5882352941177,NA,0.475,-0.773
"458","SGBreyer",1998,38.8888888888889,46.6666666666667,22.7272727272727,NA,0.475,-0.75
"459","SGBreyer",1999,62.0689655172414,61.1111111111111,45.4545454545455,NA,0.475,-0.794
"460","SGBreyer",2000,76.1904761904762,76.4705882352941,75,NA,0.475,-1.248
"461","SGBreyer",2001,44.4444444444444,53.8461538461538,42.8571428571429,NA,0.475,-1.322
"462","SGBreyer",2002,61.1111111111111,58.8235294117647,31.5789473684211,NA,0.475,-1.318
"463","SGBreyer",2003,57.1428571428571,57.1428571428571,41.1764705882353,NA,0.475,-1.236
"464","SGBreyer",2004,52.1739130434783,85.7142857142857,68.75,NA,0.475,-1.09
"465","SGBreyer",2005,65.3846153846154,66.6666666666667,40,NA,0.475,-1.266
"466","SGBreyer",2006,60.8695652173913,85.7142857142857,45.4545454545455,NA,0.475,-1.381
"467","SGBreyer",2007,64.2857142857143,73.3333333333333,75,NA,0.475,-1.284
"468","SGBreyer",2008,57.6923076923077,70.8333333333333,50,NA,0.475,-1.188
"469","SGBreyer",2009,55.8823529411765,60,50,NA,0.475,-1.32
"470","SGBreyer",2010,53.8461538461538,50,66.6666666666667,NA,0.475,-1.398
"471","SGBreyer",2011,56.5217391304348,43.4782608695652,41.1764705882353,NA,0.475,-1.387
"472","SGBreyer",2012,39.1304347826087,75,42.8571428571429,NA,0.475,-1.37
"473","SGBreyer",2013,55,66.6666666666667,66.6666666666667,NA,0.475,-1.447
"474","SGBreyer",2014,73.3333333333333,76.9230769230769,47.8260869565217,NA,0.475,-1.55
"475","SGBreyer",2015,42.4242424242424,50,47.6190476190476,NA,0.475,-1.451
"476","SGBreyer",2016,50,75,40,NA,0.475,-1.498
"477","SGBreyer",2017,72.2222222222222,90.9090909090909,61.5384615384615,NA,0.475,-1.675
"478","SMinton",1949,22.2222222222222,58.3333333333333,55.5555555555556,NA,0.72,1.302
"479","SMinton",1950,40,28.5714285714286,68.5714285714286,NA,0.72,1.423
"480","SMinton",1951,18.1818181818182,25,51.6129032258064,NA,0.72,1.482
"481","SMinton",1952,12.5,36.3636363636364,50,NA,0.72,1.281
"482","SMinton",1953,42.8571428571429,54.5454545454545,39.5833333333333,NA,0.72,0.89
"483","SMinton",1954,33.3333333333333,57.1428571428571,69.2307692307692,NA,0.72,0.882
"484","SMinton",1955,35.7142857142857,46.6666666666667,74.3589743589744,NA,0.72,0.874
"485","SMinton",1956,100,NA,0,NA,0.72,0.841
"486","SSotomayor",2009,63.6363636363636,70,50,NA,0.78,-1.579
"487","SSotomayor",2010,53.8461538461538,61.5384615384615,69.2307692307692,NA,0.78,-1.655
"488","SSotomayor",2011,69.5652173913043,47.8260869565217,35.2941176470588,NA,0.78,-1.824
"489","SSotomayor",2012,60.8695652173913,83.3333333333333,46.6666666666667,NA,0.78,-2.249
"490","SSotomayor",2013,65,77.7777777777778,76,NA,0.78,-2.523
"491","SSotomayor",2014,80,78.5714285714286,45.8333333333333,NA,0.78,-2.766
"492","SSotomayor",2015,72.7272727272727,50,50,NA,0.78,-2.936
"493","SSotomayor",2016,50,69.2307692307692,40,NA,0.78,-3.079
"494","SSotomayor",2017,72.2222222222222,100,53.8461538461538,NA,0.78,-3.222
"495","TCClark",1949,20,62.5,55.5555555555556,NA,0.5,1.115
"496","TCClark",1950,50,50,73.5294117647059,NA,0.5,1.138
"497","TCClark",1951,56.25,33.3333333333333,41.3793103448276,NA,0.5,1.209
"498","TCClark",1952,13.0434782608696,36.3636363636364,40.9090909090909,NA,0.5,1.177
"499","TCClark",1953,23.8095238095238,72.7272727272727,39.0243902439024,NA,0.5,0.618
"500","TCClark",1954,52.6315789473684,71.4285714285714,73.0769230769231,NA,0.5,0.166
"501","TCClark",1955,46.1538461538462,60,89.1891891891892,NA,0.5,0.039
"502","TCClark",1956,47.8260869565217,23.5294117647059,84.8484848484848,NA,0.5,0.215
"503","TCClark",1957,20,35,67.3913043478261,NA,0.5,0.654
"504","TCClark",1958,32.258064516129,55.5555555555556,67.2413793103448,NA,0.5,0.578
"505","TCClark",1959,31.5789473684211,73.3333333333333,78.3783783783784,NA,0.5,0.387
"506","TCClark",1960,27.2727272727273,57.8947368421053,55.8823529411765,NA,0.5,0.797
"507","TCClark",1961,39.1304347826087,64.7058823529412,73.5294117647059,NA,0.5,0.488
"508","TCClark",1962,36,51.6129032258064,93.4782608695652,NA,0.5,0.346
"509","TCClark",1963,53.3333333333333,76.5957446808511,85,NA,0.5,0.128
"510","TCClark",1964,38.8888888888889,75.8620689655172,79.1666666666667,NA,0.5,-0.126
"511","TCClark",1965,55.8823529411765,73.0769230769231,83.3333333333333,NA,0.5,-0.051
"512","TCClark",1966,43.9024390243902,50,83.8709677419355,NA,0.5,0.161
"513","TMarshall",1967,83.6363636363636,80,41.6666666666667,NA,1,-1.256
"514","TMarshall",1968,79.0697674418605,85.7142857142857,63.1578947368421,NA,1,-1.18
"515","TMarshall",1969,50,91.8918918918919,50,NA,1,-1.032
"516","TMarshall",1970,76.4705882352941,86.4864864864865,55.5555555555556,NA,1,-0.985
"517","TMarshall",1971,86.9565217391304,80.4878048780488,66.6666666666667,NA,1,-1.072
"518","TMarshall",1972,79.4871794871795,89.7435897435898,84.8484848484848,NA,1,-1.356
"519","TMarshall",1973,79.4871794871795,84.4444444444444,74.0740740740741,NA,1,-1.476
"520","TMarshall",1974,72.4137931034483,86.4864864864865,50,NA,1,-1.483
"521","TMarshall",1975,75,84.8484848484848,51.4285714285714,NA,1,-2.011
"522","TMarshall",1976,64.2857142857143,71.1538461538462,50,NA,1,-2.361
"523","TMarshall",1977,88.5714285714286,71.4285714285714,77.7777777777778,NA,1,-2.68
"524","TMarshall",1978,81.0810810810811,78.7234042553192,46.875,NA,1,-3.069
"525","TMarshall",1979,85.3658536585366,86.9565217391304,67.741935483871,NA,1,-3.346
"526","TMarshall",1980,75.8620689655172,87.8787878787879,68.5714285714286,NA,1,-3.497
"527","TMarshall",1981,87.5,89.1304347826087,57.1428571428571,NA,1,-3.622
"528","TMarshall",1982,76.4705882352941,92.5925925925926,52.2727272727273,NA,1,-3.777
"529","TMarshall",1983,81.25,84.375,62.5,NA,1,-3.841
"530","TMarshall",1984,76.9230769230769,74.0740740740741,67.741935483871,NA,1,-3.908
"531","TMarshall",1985,80.8510638297872,76.6666666666667,43.75,NA,1,-3.991
"532","TMarshall",1986,95.4545454545455,96.1538461538462,56.6666666666667,NA,1,-4.195
"533","TMarshall",1987,87.8787878787879,77.2727272727273,71.875,NA,1,-4.36
"534","TMarshall",1988,82.8571428571429,100,66.6666666666667,NA,1,-4.449
"535","TMarshall",1989,94.8717948717949,100,50,NA,1,-4.423
"536","TMarshall",1990,82.3529411764706,95.6521739130435,76,NA,1,-4.267
"537","WBRutledge",1946,50,57.1428571428571,90.4761904761905,NA,1,-1.442
"538","WBRutledge",1947,71.4285714285714,82.3529411764706,85,NA,1,-1.768
"539","WBRutledge",1948,90.3225806451613,75,82.1428571428571,NA,1,-1.846
"540","WEBurger",1969,20,43.9024390243902,26.6666666666667,NA,0.115,2.027
"541","WEBurger",1970,26.4705882352941,45.945945945946,47.0588235294118,NA,0.115,2.213
"542","WEBurger",1971,20.4545454545455,51.219512195122,50,NA,0.115,2.439
"543","WEBurger",1972,17.5,45,68.5714285714286,NA,0.115,2.243
"544","WEBurger",1973,21.0526315789474,36.1702127659575,40.7407407407407,NA,0.115,2.231
"545","WEBurger",1974,37.9310344827586,43.2432432432432,41.6666666666667,NA,0.115,2.139
"546","WEBurger",1975,9.75609756097561,55.8823529411765,45.7142857142857,NA,0.115,1.969
"547","WEBurger",1976,17.0731707317073,24.0740740740741,29.6296296296296,NA,0.115,1.898
"548","WEBurger",1977,42.8571428571429,28.9473684210526,52.1739130434783,NA,0.115,1.533
"549","WEBurger",1978,40.5405405405405,21.2765957446809,34.375,NA,0.115,1.388
"550","WEBurger",1979,18.6046511627907,45.8333333333333,51.5151515151515,NA,0.115,1.196
"551","WEBurger",1980,31.0344827586207,26.4705882352941,45.7142857142857,NA,0.115,1.419
"552","WEBurger",1981,0,26.0869565217391,25.7142857142857,NA,0.115,1.601
"553","WEBurger",1982,8.33333333333333,41.3793103448276,40.9090909090909,NA,0.115,1.479
"554","WEBurger",1983,13.7254901960784,50,45.7142857142857,NA,0.115,1.693
"555","WEBurger",1984,9.75609756097561,59.2592592592593,44.1176470588235,NA,0.115,2.008
"556","WEBurger",1985,19.6078431372549,31.25,58.8235294117647,NA,0.115,2.113
"557","WHRehnquist",1971,24.1379310344828,43.75,50,NA,0.045,3.638
"558","WHRehnquist",1972,12.5,25.6410256410256,48.5714285714286,NA,0.045,4.046
"559","WHRehnquist",1973,19.4444444444444,25.531914893617,44.4444444444444,NA,0.045,4.308
"560","WHRehnquist",1974,37.9310344827586,35.1351351351351,44.4444444444444,NA,0.045,4.395
"561","WHRehnquist",1975,9.75609756097561,38.8888888888889,45.7142857142857,NA,0.045,4.511
"562","WHRehnquist",1976,5.71428571428571,21.2765957446809,30.4347826086957,NA,0.045,4.484
"563","WHRehnquist",1977,20,13.1578947368421,46.6666666666667,NA,0.045,4.468
"564","WHRehnquist",1978,18.9189189189189,6.38297872340426,35.4838709677419,NA,0.045,4.486
"565","WHRehnquist",1979,4.54545454545455,12.5,42.4242424242424,NA,0.045,4.503
"566","WHRehnquist",1980,17.2413793103448,18.1818181818182,35.2941176470588,NA,0.045,4.336
"567","WHRehnquist",1981,3.7037037037037,19.5652173913043,37.1428571428571,NA,0.045,4.171
"568","WHRehnquist",1982,13.8888888888889,20.6896551724138,47.7272727272727,NA,0.045,4.082
"569","WHRehnquist",1983,9.61538461538462,40.625,51.6129032258064,NA,0.045,3.976
"570","WHRehnquist",1984,14.6341463414634,40.7407407407407,42.4242424242424,NA,0.045,3.746
"571","WHRehnquist",1985,11.7647058823529,22.5806451612903,52.9411764705882,NA,0.045,3.526
"572","WHRehnquist",1986,14.8936170212766,18.5185185185185,60,NA,0.045,3.268
"573","WHRehnquist (CJ)",1987,24.2424242424242,31.8181818181818,41.9354838709677,NA,0.045,2.83
"574","WHRehnquist (CJ)",1988,25,23.0769230769231,52.3809523809524,NA,0.045,2.714
"575","WHRehnquist (CJ)",1989,12.5,10,34.6153846153846,NA,0.045,2.579
"576","WHRehnquist (CJ)",1990,21.2121212121212,26.0869565217391,57.6923076923077,NA,0.045,2.362
"577","WHRehnquist (CJ)",1991,19.2307692307692,27.5,46.6666666666667,NA,0.045,2.114
"578","WHRehnquist (CJ)",1992,22.5806451612903,22.2222222222222,63.1578947368421,NA,0.045,2.055
"579","WHRehnquist (CJ)",1993,21.4285714285714,17.6470588235294,62.962962962963,NA,0.045,1.873
"580","WHRehnquist (CJ)",1994,13.6363636363636,25,41.1764705882353,NA,0.045,1.878
"581","WHRehnquist (CJ)",1995,30.7692307692308,16.6666666666667,41.1764705882353,NA,0.045,1.846
"582","WHRehnquist (CJ)",1996,10,33.3333333333333,50,NA,0.045,1.713
"583","WHRehnquist (CJ)",1997,25.8064516129032,38.0952380952381,64.7058823529412,NA,0.045,1.662
"584","WHRehnquist (CJ)",1998,15.7894736842105,16.6666666666667,17.3913043478261,NA,0.045,1.856
"585","WHRehnquist (CJ)",1999,27.5862068965517,33.3333333333333,36.3636363636364,NA,0.045,1.72
"586","WHRehnquist (CJ)",2000,31.8181818181818,23.5294117647059,75,NA,0.045,1.658
"587","WHRehnquist (CJ)",2001,5.55555555555556,20,57.1428571428571,NA,0.045,1.407
"588","WHRehnquist (CJ)",2002,27.7777777777778,29.4117647058824,40,NA,0.045,1.237
"589","WHRehnquist (CJ)",2003,13.7931034482759,37.5,27.7777777777778,NA,0.045,1.367
"590","WHRehnquist (CJ)",2004,35.2941176470588,30,46.6666666666667,NA,0.045,1.438
"591","WJBrennan",1956,80.9523809523809,58.8235294117647,72.7272727272727,NA,1,-0.669
"592","WJBrennan",1957,73.6842105263158,90,74.468085106383,NA,1,-0.769
"593","WJBrennan",1958,70.9677419354839,66.6666666666667,74.6031746031746,NA,1,-0.825
"594","WJBrennan",1959,73.6842105263158,100,83.7837837837838,NA,1,-0.916
"595","WJBrennan",1960,75.7575757575758,73.6842105263158,60,NA,1,-0.893
"596","WJBrennan",1961,78.2608695652174,82.3529411764706,73.5294117647059,NA,1,-0.838
"597","WJBrennan",1962,81.4814814814815,96.7741935483871,83.3333333333333,NA,1,-1.193
"598","WJBrennan",1963,88.8888888888889,93.6170212765958,77.5,NA,1,-1.119
"599","WJBrennan",1964,50,80,84,NA,1,-0.961
"600","WJBrennan",1965,73.5294117647059,77.7777777777778,83.3333333333333,NA,1,-1.087
"601","WJBrennan",1966,69.5652173913043,83.3333333333333,82.8571428571429,NA,1,-1.178
"602","WJBrennan",1967,84.9315068493151,82.7586206896552,68.75,NA,1,-1.308
"603","WJBrennan",1968,79.3103448275862,82.8571428571429,76.1904761904762,NA,1,-1.127
"604","WJBrennan",1969,45.7142857142857,90.2439024390244,55.5555555555556,NA,1,-1.005
"605","WJBrennan",1970,71.4285714285714,86.1111111111111,73.6842105263158,NA,1,-1.063
"606","WJBrennan",1971,76.7441860465116,92.6829268292683,75,NA,1,-1.174
"607","WJBrennan",1972,72.5,95,65.5172413793103,NA,1,-1.399
"608","WJBrennan",1973,76.9230769230769,84.7826086956522,77.7777777777778,NA,1,-1.713
"609","WJBrennan",1974,75.8620689655172,83.7837837837838,72.2222222222222,NA,1,-1.961
"610","WJBrennan",1975,78.0487804878049,85.7142857142857,60,NA,1,-2.53
"611","WJBrennan",1976,60.9756097560976,70.3703703703704,71.4285714285714,NA,1,-2.793
"612","WJBrennan",1977,96,65.625,86.4864864864865,NA,1,-2.886
"613","WJBrennan",1978,83.3333333333333,74.468085106383,38.7096774193548,NA,1,-2.807
"614","WJBrennan",1979,81.8181818181818,86.9565217391304,69.6969696969697,NA,1,-2.762
"615","WJBrennan",1980,72.4137931034483,87.8787878787879,67.6470588235294,NA,1,-2.625
"616","WJBrennan",1981,79.1666666666667,84.7826086956522,51.4285714285714,NA,1,-2.595
"617","WJBrennan",1982,67.6470588235294,75.8620689655172,47.7272727272727,NA,1,-2.456
"618","WJBrennan",1983,81.6326530612245,81.25,58.8235294117647,NA,1,-2.822
"619","WJBrennan",1984,79.4871794871795,74.0740740740741,58.8235294117647,NA,1,-3.045
"620","WJBrennan",1985,70,73.3333333333333,68.75,NA,1,-3.15
"621","WJBrennan",1986,95.6521739130435,92.3076923076923,53.3333333333333,NA,1,-3.424
"622","WJBrennan",1987,80.6451612903226,77.2727272727273,68.75,NA,1,-3.501
"623","WJBrennan",1988,80,97.4358974358974,66.6666666666667,NA,1,-3.601
"624","WJBrennan",1989,90,100,50,NA,1,-3.659
"625","WODouglas",1946,50,71.4285714285714,87.719298245614,NA,0.73,-1.435
"626","WODouglas",1947,64.2857142857143,90.4761904761905,82.5,NA,0.73,-1.526
"627","WODouglas",1948,87.0967741935484,87.5,86.7924528301887,NA,0.73,-1.722
"628","WODouglas",1949,100,75,100,NA,0.73,-1.601
"629","WODouglas",1950,70,71.4285714285714,75,NA,0.73,-1.443
"630","WODouglas",1951,77.7777777777778,77.7777777777778,50,NA,0.73,-1.63
"631","WODouglas",1952,75,54.5454545454545,65.3846153846154,NA,0.73,-2.257
"632","WODouglas",1953,66.6666666666667,100,65.1162790697674,NA,0.73,-2.95
"633","WODouglas",1954,73.6842105263158,85.7142857142857,84.6153846153846,NA,0.73,-3.619
"634","WODouglas",1955,85.7142857142857,100,82.051282051282,NA,0.73,-4.161
"635","WODouglas",1956,95.6521739130435,93.3333333333333,86.1111111111111,NA,0.73,-4.636
"636","WODouglas",1957,95,100,87.2340425531915,NA,0.73,-5.024
"637","WODouglas",1958,93.5483870967742,77.7777777777778,95.1612903225807,NA,0.73,-5.367
"638","WODouglas",1959,89.4736842105263,100,94.5945945945946,NA,0.73,-5.637
"639","WODouglas",1960,93.75,94.7368421052632,85.7142857142857,NA,0.73,-5.882
"640","WODouglas",1961,91.304347826087,88.2352941176471,85.2941176470588,NA,0.73,-6.124
"641","WODouglas",1962,92.5925925925926,96.7741935483871,75,NA,0.73,-6.328
"642","WODouglas",1963,94.4444444444444,100,79.4871794871795,NA,0.73,-6.529
"643","WODouglas",1964,94.4444444444444,89.6551724137931,83.3333333333333,NA,0.73,-6.751
"644","WODouglas",1965,94.1176470588235,81.4814814814815,83.3333333333333,NA,0.73,-6.961
"645","WODouglas",1966,95.2380952380952,91.6666666666667,94.2857142857143,NA,0.73,-7.124
"646","WODouglas",1967,93.1506849315068,75.8620689655172,72.8813559322034,NA,0.73,-7.269
"647","WODouglas",1968,89.6551724137931,88.2352941176471,80.9523809523809,NA,0.73,-7.38
"648","WODouglas",1969,68.5714285714286,92.6829268292683,85.7142857142857,NA,0.73,-7.455
"649","WODouglas",1970,87.5,88.5714285714286,88.8888888888889,NA,0.73,-7.53
"650","WODouglas",1971,91.304347826087,95.1219512195122,74.2857142857143,NA,0.73,-7.602
"651","WODouglas",1972,82.5,92.5,80,NA,0.73,-7.641
"652","WODouglas",1973,89.7435897435898,95.6521739130435,75,NA,0.73,-7.687
"653","WODouglas",1974,96,93.1034482758621,90,NA,0.73,-7.746
"654","WODouglas",1975,NA,NA,100,NA,0.73,-7.748
